2017,4,"AA","American Airlines Inc.","ATL","Atlanta, GA: Hartsfield-Jackson Atlanta International",1036.00,236.00,63.28,2.17,91.56,0.00,78.99,11.00,5.00,17881.00,4359.00,211.00,7070.00,0.00,6241.00,
2017,4,"AA","American Airlines Inc.","BOS","Boston, MA: Logan International",2165.00,437.00,102.10,11.26,175.52,0.39,147.73,33.00,1.00,26836.00,6554.00,870.00,7760.00,18.00,11634.00,
2017,4,"AA","American Airlines Inc.","BWI","Baltimore, MD: Baltimore/Washington International Thurgood Marshall",446.00,100.00,30.11,1.26,33.12,0.00,35.51,1.00,0.00,4728.00,1287.00,75.00,1118.00,0.00,2248.00,
2017,4,"AA","American Airlines Inc.","CLT","Charlotte, NC: Charlotte Douglas International",8175.00,1331.00,328.73,36.62,482.60,2.78,480.27,60.00,6.00,83410.00,23636.00,3418.00,20614.00,90.00,35652.00,
2017,4,"AA","American Airlines Inc.","DCA","Washington, DC: Ronald Reagan Washington National",2242.00,432.00,116.74,10.27,166.09,0.48,138.42,54.00,13.00,26378.00,6962.00,1101.00,7791.00,122.00,10402.00,
2017,4,"AA","American Airlines Inc.","DEN","Denver, CO: Denver International",884.00,155.00,57.80,3.40,42.76,0.00,51.05,4.00,1.00,8925.00,3571.00,143.00,1483.00,0.00,3728.00,
2017,4,"AA","American Airlines Inc.","DFW","Dallas/Fort Worth, TX: Dallas/Fort Worth International",11205.00,2109.00,474.42,66.17,827.20,2.53,738.69,173.00,40.00,164880.00,49775.00,5810.00,46835.00,71.00,62389.00,
2017,4,"AA","American Airlines Inc.","DTW","Detroit, MI: Detroit Metro Wayne County",509.00,106.00,32.61,1.97,29.48,0.50,41.45,3.00,0.00,6072.00,1963.00,112.00,1287.00,8.00,2702.00,
2017,4,"AA","American Airlines Inc.","EWR","Newark, NJ: Newark Liberty International",563.00,174.00,23.64,3.90,115.12,0.00,31.33,7.00,0.00,9207.00,934.00,237.00,6081.00,0.00,1955.00,
2017,4,"AA","American Airlines Inc.","FLL","Fort Lauderdale, FL: Fort Lauderdale-Hollywood International",631.00,116.00,26.21,2.42,46.62,0.41,40.34,4.00,2.00,6594.00,1255.00,153.00,2163.00,24.00,2999.00,
2017,4,"AA","American Airlines Inc.","IAD","Washington, DC: Washington Dulles International",248.00,70.00,22.57,1.46,20.92,0.00,25.06,3.00,1.00,5126.00,1392.00,259.00,1132.00,0.00,2343.00,
2017,4,"AA","American Airlines Inc.","IAH","Houston, TX: George Bush Intercontinental/Houston",629.00,118.00,39.58,2.38,34.65,0.00,41.39,11.00,2.00,8401.00,2782.00,208.00,1552.00,0.00,3859.00,
2017,4,"AA","American Airlines Inc.","JFK","New York, NY: John F. Kennedy International",1436.00,477.00,91.89,6.32,291.91,1.46,85.42,19.00,2.00,40409.00,7435.00,518.00,23035.00,126.00,9295.00,
2017,4,"AA","American Airlines Inc.","LAS","Las Vegas, NV: McCarran International",1241.00,256.00,83.09,4.89,81.40,0.43,86.20,6.00,1.00,14130.00,5545.00,255.00,2738.00,20.00,5572.00,
2017,4,"AA","American Airlines Inc.","LAX","Los Angeles, CA: Los Angeles International",3068.00,820.00,177.21,11.86,436.59,1.52,192.82,11.00,8.00,46021.00,11779.00,1326.00,17323.00,119.00,15474.00,
2017,4,"AA","American Airlines Inc.","LGA","New York, NY: LaGuardia",1806.00,495.00,101.53,14.67,261.69,0.46,116.65,48.00,10.00,32047.00,6473.00,867.00,15160.00,62.00,9485.00,
2017,4,"AA","American Airlines Inc.","MCO","Orlando, FL: Orlando International",1564.00,334.00,111.01,8.31,112.99,0.96,100.73,9.00,1.00,19104.00,6289.00,526.00,4667.00,24.00,7598.00,
2017,4,"AA","American Airlines Inc.","MIA","Miami, FL: Miami International",4301.00,774.00,245.33,15.90,269.03,1.00,242.74,28.00,4.00,53596.00,19328.00,1891.00,10682.00,24.00,21671.00,
2017,4,"AA","American Airlines Inc.","MSP","Minneapolis, MN: Minneapolis-St Paul International",749.00,126.00,44.13,2.40,39.57,0.00,39.90,0.00,1.00,6744.00,2437.00,203.00,1315.00,0.00,2789.00,
2017,4,"AA","American Airlines Inc.","ORD","Chicago, IL: Chicago O'Hare International",4921.00,839.00,221.35,21.34,330.18,4.39,261.75,38.00,11.00,55313.00,20298.00,1704.00,14677.00,103.00,18531.00,
2017,4,"AA","American Airlines Inc.","PDX","Portland, OR: Portland International",295.00,93.00,21.48,3.70,39.39,0.13,28.30,2.00,0.00,4099.00,1058.00,204.00,1263.00,2.00,1572.00,
2017,4,"AA","American Airlines Inc.","PHL","Philadelphia, PA: Philadelphia International",3701.00,716.00,182.31,13.68,306.56,0.77,212.69,46.00,0.00,45439.00,12862.00,1219.00,13446.00,23.00,17889.00,
2017,4,"AA","American Airlines Inc.","PHX","Phoenix, AZ: Phoenix Sky Harbor International",4666.00,603.00,192.89,10.81,205.31,1.80,192.19,21.00,5.00,34932.00,12013.00,515.00,6159.00,47.00,16198.00,
2017,4,"AA","American Airlines Inc.","SAN","San Diego, CA: San Diego International",744.00,134.00,45.44,3.12,39.44,0.54,45.47,8.00,0.00,6800.00,2169.00,93.00,1370.00,29.00,3139.00,
2017,4,"AA","American Airlines Inc.","SEA","Seattle, WA: Seattle/Tacoma International",596.00,179.00,55.15,1.45,67.46,0.29,54.64,3.00,1.00,9392.00,2964.00,78.00,2404.00,23.00,3923.00,
2017,4,"AA","American Airlines Inc.","SFO","San Francisco, CA: San Francisco International",1047.00,485.00,54.51,3.53,347.78,0.43,78.75,13.00,0.00,30734.00,3764.00,217.00,20551.00,31.00,6171.00,
2017,4,"AA","American Airlines Inc.","SLC","Salt Lake City, UT: Salt Lake City International",366.00,71.00,22.91,1.45,23.96,0.00,22.69,4.00,0.00,4142.00,1677.00,61.00,787.00,0.00,1617.00,
2017,4,"AA","American Airlines Inc.","TPA","Tampa, FL: Tampa International",984.00,178.00,53.54,6.11,64.17,0.25,53.93,8.00,2.00,10018.00,3084.00,420.00,2648.00,4.00,3862.00,
2017,4,"AS","Alaska Airlines Inc.","ATL","Atlanta, GA: Hartsfield-Jackson Atlanta International",60.00,11.00,4.20,0.00,6.80,0.00,0.00,0.00,0.00,448.00,238.00,0.00,210.00,0.00,0.00,
2017,4,"AS","Alaska Airlines Inc.","BOS","Boston, MA: Logan International",141.00,18.00,3.72,0.59,10.36,0.00,3.33,1.00,1.00,811.00,311.00,13.00,368.00,0.00,119.00,
2017,4,"AS","Alaska Airlines Inc.","BWI","Baltimore, MD: Baltimore/Washington International Thurgood Marshall",85.00,14.00,5.11,0.00,3.90,0.33,4.65,0.00,0.00,536.00,307.00,0.00,98.00,10.00,121.00,
2017,4,"AS","Alaska Airlines Inc.","DCA","Washington, DC: Ronald Reagan Washington National",120.00,23.00,4.71,0.00,14.33,0.00,3.97,0.00,0.00,881.00,269.00,0.00,500.00,0.00,112.00,
2017,4,"AS","Alaska Airlines Inc.","DEN","Denver, CO: Denver International",141.00,25.00,11.93,0.95,7.93,0.00,4.19,0.00,0.00,918.00,452.00,81.00,215.00,0.00,170.00,
2017,4,"AS","Alaska Airlines Inc.","DFW","Dallas/Fort Worth, TX: Dallas/Fort Worth International",120.00,14.00,4.05,0.38,7.96,0.00,1.61,0.00,0.00,974.00,364.00,9.00,520.00,0.00,81.00,
2017,4,"AS","Alaska Airlines Inc.","DTW","Detroit, MI: Detroit Metro Wayne County",30.00,11.00,2.43,0.00,7.86,0.00,0.71,0.00,0.00,345.00,132.00,0.00,186.00,0.00,27.00,
2017,4,"AS","Alaska Airlines Inc.","EWR","Newark, NJ: Newark Liberty International",150.00,49.00,6.03,0.00,39.87,0.00,3.10,1.00,0.00,2778.00,379.00,0.00,2222.00,0.00,177.00,
2017,4,"AS","Alaska Airlines Inc.","FLL","Fort Lauderdale, FL: Fort Lauderdale-Hollywood International",43.00,11.00,2.81,0.00,7.86,0.33,0.00,0.00,0.00,424.00,212.00,0.00,206.00,6.00,0.00,
2017,4,"AS","Alaska Airlines Inc.","IAD","Washington, DC: Washington Dulles International",30.00,9.00,1.83,0.00,6.45,0.00,0.72,0.00,0.00,378.00,165.00,0.00,167.00,0.00,46.00,
2017,4,"AS","Alaska Airlines Inc.","IAH","Houston, TX: George Bush Intercontinental/Houston",51.00,11.00,4.50,0.00,3.74,0.00,2.76,0.00,0.00,265.00,119.00,0.00,82.00,0.00,64.00,
2017,4,"AS","Alaska Airlines Inc.","JFK","New York, NY: John F. Kennedy International",30.00,6.00,3.00,0.00,0.00,0.00,3.00,0.00,0.00,157.00,68.00,0.00,0.00,0.00,89.00,
2017,4,"AS","Alaska Airlines Inc.","LAS","Las Vegas, NV: McCarran International",423.00,62.00,22.33,0.00,21.03,0.74,17.90,0.00,2.00,2558.00,1140.00,0.00,562.00,17.00,839.00,
2017,4,"AS","Alaska Airlines Inc.","LAX","Los Angeles, CA: Los Angeles International",735.00,220.00,26.20,1.65,154.80,1.80,35.54,10.00,0.00,9018.00,1564.00,161.00,5560.00,97.00,1636.00,
2017,4,"AS","Alaska Airlines Inc.","MCO","Orlando, FL: Orlando International",112.00,20.00,3.15,0.00,13.80,0.23,2.82,0.00,0.00,636.00,83.00,0.00,400.00,6.00,147.00,
2017,4,"AS","Alaska Airlines Inc.","MSP","Minneapolis, MN: Minneapolis-St Paul International",60.00,10.00,5.97,0.00,2.03,0.00,2.00,0.00,0.00,373.00,231.00,0.00,74.00,0.00,68.00,
2017,4,"AS","Alaska Airlines Inc.","ORD","Chicago, IL: Chicago O'Hare International",178.00,32.00,7.30,0.04,21.95,0.00,2.71,0.00,0.00,1376.00,326.00,11.00,682.00,0.00,357.00,
2017,4,"AS","Alaska Airlines Inc.","PDX","Portland, OR: Portland International",1259.00,248.00,37.84,2.19,106.02,1.71,100.24,8.00,5.00,11888.00,2431.00,81.00,3193.00,51.00,6132.00,
2017,4,"AS","Alaska Airlines Inc.","PHL","Philadelphia, PA: Philadelphia International",30.00,5.00,0.82,0.62,0.88,0.00,2.68,0.00,0.00,138.00,14.00,28.00,29.00,0.00,67.00,
2017,4,"AS","Alaska Airlines Inc.","PHX","Phoenix, AZ: Phoenix Sky Harbor International",277.00,41.00,11.84,0.94,13.16,0.00,15.06,0.00,0.00,1629.00,447.00,236.00,388.00,0.00,558.00,
2017,4,"AS","Alaska Airlines Inc.","SAN","San Diego, CA: San Diego International",526.00,103.00,26.18,0.38,36.42,0.50,39.53,3.00,0.00,4437.00,1212.00,6.00,1225.00,18.00,1976.00,
2017,4,"AS","Alaska Airlines Inc.","SEA","Seattle, WA: Seattle/Tacoma International",4843.00,857.00,170.07,5.96,391.43,2.01,287.53,27.00,4.00,38842.00,10613.00,332.00,11247.00,58.00,16592.00,
2017,4,"AS","Alaska Airlines Inc.","SFO","San Francisco, CA: San Francisco International",492.00,191.00,16.24,0.00,156.62,0.00,18.14,0.00,20.00,13355.00,791.00,0.00,11525.00,0.00,1039.00,
2017,4,"AS","Alaska Airlines Inc.","SLC","Salt Lake City, UT: Salt Lake City International",205.00,32.00,8.38,0.00,6.27,0.06,17.30,0.00,2.00,1411.00,335.00,0.00,175.00,4.00,897.00,
2017,4,"AS","Alaska Airlines Inc.","TPA","Tampa, FL: Tampa International",30.00,8.00,2.66,0.00,4.72,0.00,0.62,0.00,0.00,354.00,173.00,0.00,158.00,0.00,23.00,
2017,4,"B6","JetBlue Airways","ATL","Atlanta, GA: Hartsfield-Jackson Atlanta International",140.00,28.00,6.73,0.00,9.81,0.60,10.86,0.00,0.00,2085.00,450.00,0.00,904.00,12.00,719.00,
2017,4,"B6","JetBlue Airways","BOS","Boston, MA: Logan International",4156.00,1041.00,233.62,9.12,367.79,3.31,427.16,46.00,2.00,73206.00,15181.00,800.00,18925.00,118.00,38182.00,
2017,4,"B6","JetBlue Airways","BWI","Baltimore, MD: Baltimore/Washington International Thurgood Marshall",245.00,73.00,30.20,1.01,12.64,0.00,29.15,1.00,0.00,5819.00,2796.00,114.00,653.00,0.00,2256.00,
2017,4,"B6","JetBlue Airways","CLT","Charlotte, NC: Charlotte Douglas International",115.00,23.00,7.01,0.00,4.80,0.00,11.19,4.00,0.00,1915.00,497.00,0.00,255.00,0.00,1163.00,
2017,4,"B6","JetBlue Airways","DCA","Washington, DC: Ronald Reagan Washington National",886.00,168.00,63.67,4.96,34.10,0.62,64.65,11.00,3.00,16089.00,4144.00,887.00,4476.00,16.00,6566.00,
2017,4,"B6","JetBlue Airways","DEN","Denver, CO: Denver International",85.00,18.00,6.81,0.00,5.86,0.00,5.33,0.00,0.00,934.00,346.00,0.00,227.00,0.00,361.00,
2017,4,"B6","JetBlue Airways","DFW","Dallas/Fort Worth, TX: Dallas/Fort Worth International",50.00,7.00,1.35,0.21,4.08,0.00,1.36,0.00,0.00,540.00,59.00,26.00,331.00,0.00,124.00,
2017,4,"B6","JetBlue Airways","DTW","Detroit, MI: Detroit Metro Wayne County",110.00,36.00,15.11,0.00,5.78,1.00,14.11,1.00,0.00,3050.00,950.00,0.00,541.00,17.00,1542.00,
2017,4,"B6","JetBlue Airways","EWR","Newark, NJ: Newark Liberty International",835.00,294.00,69.31,1.00,152.09,1.65,69.95,12.00,1.00,22168.00,5516.00,18.00,9754.00,58.00,6822.00,
2017,4,"B6","JetBlue Airways","FLL","Fort Lauderdale, FL: Fort Lauderdale-Hollywood International",2077.00,552.00,168.58,2.83,125.19,3.38,252.02,35.00,5.00,38192.00,10708.00,160.00,5637.00,127.00,21560.00,
2017,4,"B6","JetBlue Airways","IAD","Washington, DC: Washington Dulles International",170.00,50.00,21.09,0.07,6.64,0.00,22.20,5.00,1.00,4276.00,1422.00,14.00,335.00,0.00,2505.00,
2017,4,"B6","JetBlue Airways","JFK","New York, NY: John F. Kennedy International",3535.00,1110.00,160.62,4.18,570.32,1.14,373.74,101.00,12.00,107073.00,11587.00,462.00,59171.00,34.00,35819.00,
2017,4,"B6","JetBlue Airways","LAS","Las Vegas, NV: McCarran International",398.00,85.00,30.60,1.17,15.14,0.00,38.09,5.00,0.00,4811.00,1885.00,55.00,558.00,0.00,2313.00,
2017,4,"B6","JetBlue Airways","LAX","Los Angeles, CA: Los Angeles International",475.00,131.00,34.23,0.79,64.53,0.56,30.89,0.00,0.00,8798.00,2628.00,99.00,3086.00,14.00,2971.00,
2017,4,"B6","JetBlue Airways","LGA","New York, NY: LaGuardia",510.00,161.00,39.44,0.00,91.76,0.00,29.79,14.00,3.00,14196.00,2654.00,0.00,8049.00,0.00,3493.00,
2017,4,"B6","JetBlue Airways","MCO","Orlando, FL: Orlando International",1690.00,393.00,119.85,4.10,79.34,0.33,189.37,14.00,0.00,30755.00,8668.00,343.00,4111.00,33.00,17600.00,
2017,4,"B6","JetBlue Airways","ORD","Chicago, IL: Chicago O'Hare International",170.00,48.00,21.43,0.45,13.25,0.00,12.88,3.00,0.00,3692.00,1652.00,65.00,996.00,0.00,979.00,
2017,4,"B6","JetBlue Airways","PDX","Portland, OR: Portland International",95.00,22.00,10.74,0.00,4.22,0.00,7.04,0.00,0.00,1620.00,702.00,0.00,160.00,0.00,758.00,
2017,4,"B6","JetBlue Airways","PHL","Philadelphia, PA: Philadelphia International",194.00,56.00,22.26,1.97,14.75,0.00,17.01,1.00,0.00,3513.00,1262.00,248.00,643.00,0.00,1360.00,
2017,4,"B6","JetBlue Airways","PHX","Phoenix, AZ: Phoenix Sky Harbor International",60.00,16.00,7.31,0.00,3.96,0.00,4.73,0.00,0.00,1017.00,535.00,0.00,108.00,0.00,374.00,
2017,4,"B6","JetBlue Airways","SAN","San Diego, CA: San Diego International",140.00,25.00,9.53,0.00,12.43,0.71,2.33,1.00,0.00,1044.00,524.00,0.00,377.00,32.00,111.00,
2017,4,"B6","JetBlue Airways","SEA","Seattle, WA: Seattle/Tacoma International",140.00,25.00,5.38,0.51,7.66,0.00,11.45,0.00,0.00,1377.00,290.00,35.00,263.00,0.00,789.00,
2017,4,"B6","JetBlue Airways","SFO","San Francisco, CA: San Francisco International",515.00,226.00,28.42,0.94,163.30,0.00,33.33,9.00,2.00,19135.00,2614.00,262.00,12692.00,0.00,3567.00,
2017,4,"B6","JetBlue Airways","SLC","Salt Lake City, UT: Salt Lake City International",210.00,64.00,21.75,0.04,15.94,0.00,26.27,0.00,0.00,3924.00,1517.00,15.00,457.00,0.00,1935.00,
2017,4,"B6","JetBlue Airways","TPA","Tampa, FL: Tampa International",442.00,112.00,39.53,1.25,16.21,0.00,55.01,8.00,0.00,8950.00,3027.00,43.00,781.00,0.00,5099.00,
2017,4,"DL","Delta Air Lines Inc.","ATL","Atlanta, GA: Hartsfield-Jackson Atlanta International",20424.00,3370.00,1027.45,112.19,908.01,0.98,1321.37,1197.00,101.00,429194.00,151581.00,23334.00,107073.00,39.00,147167.00,
2017,4,"DL","Delta Air Lines Inc.","BOS","Boston, MA: Logan International",1437.00,346.00,97.01,27.17,114.10,0.43,107.29,50.00,0.00,31259.00,9498.00,5694.00,5973.00,20.00,10074.00,
2017,4,"DL","Delta Air Lines Inc.","BWI","Baltimore, MD: Baltimore/Washington International Thurgood Marshall",609.00,110.00,40.07,23.35,15.96,1.00,29.63,32.00,0.00,10542.00,2454.00,3940.00,1212.00,39.00,2897.00,
2017,4,"DL","Delta Air Lines Inc.","CLT","Charlotte, NC: Charlotte Douglas International",431.00,93.00,26.95,13.28,26.82,0.00,25.95,24.00,1.00,8606.00,2333.00,2388.00,971.00,0.00,2914.00,
2017,4,"DL","Delta Air Lines Inc.","DAL","Dallas, TX: Dallas Love Field",138.00,31.00,4.92,6.05,11.31,0.00,8.72,4.00,0.00,1967.00,308.00,364.00,423.00,0.00,872.00,
2017,4,"DL","Delta Air Lines Inc.","DCA","Washington, DC: Ronald Reagan Washington National",773.00,133.00,42.59,15.95,39.79,0.00,34.67,30.00,2.00,13705.00,4918.00,1963.00,2813.00,0.00,4011.00,
2017,4,"DL","Delta Air Lines Inc.","DEN","Denver, CO: Denver International",803.00,138.00,50.60,19.01,26.08,0.00,42.31,23.00,3.00,12400.00,4514.00,3119.00,996.00,0.00,3771.00,
2017,4,"DL","Delta Air Lines Inc.","DFW","Dallas/Fort Worth, TX: Dallas/Fort Worth International",402.00,86.00,21.13,16.37,32.39,0.00,16.10,24.00,1.00,9786.00,1567.00,4455.00,1947.00,0.00,1817.00,
2017,4,"DL","Delta Air Lines Inc.","DTW","Detroit, MI: Detroit Metro Wayne County",4650.00,688.00,261.25,43.96,132.93,0.00,249.86,147.00,5.00,78726.00,34121.00,6296.00,12360.00,0.00,25949.00,
2017,4,"DL","Delta Air Lines Inc.","EWR","Newark, NJ: Newark Liberty International",506.00,200.00,33.42,16.67,116.78,0.00,33.13,22.00,0.00,16921.00,3392.00,2431.00,7017.00,0.00,4081.00,
2017,4,"DL","Delta Air Lines Inc.","FLL","Fort Lauderdale, FL: Fort Lauderdale-Hollywood International",974.00,190.00,81.46,28.25,27.65,1.00,51.64,40.00,1.00,19181.00,8328.00,3795.00,1613.00,95.00,5350.00,
2017,4,"DL","Delta Air Lines Inc.","IAD","Washington, DC: Washington Dulles International",198.00,35.00,13.01,5.80,2.08,0.00,14.10,15.00,0.00,3088.00,751.00,1171.00,68.00,0.00,1098.00,
2017,4,"DL","Delta Air Lines Inc.","IAH","Houston, TX: George Bush Intercontinental/Houston",229.00,44.00,10.24,10.45,8.75,0.00,14.55,14.00,1.00,5214.00,1190.00,1781.00,301.00,0.00,1942.00,
2017,4,"DL","Delta Air Lines Inc.","JFK","New York, NY: John F. Kennedy International",2537.00,818.00,170.40,26.28,462.93,0.00,158.40,56.00,4.00,76628.00,22775.00,5495.00,33793.00,0.00,14565.00,
2017,4,"DL","Delta Air Lines Inc.","LAS","Las Vegas, NV: McCarran International",1089.00,183.00,74.38,18.22,47.95,0.00,42.45,19.00,0.00,14525.00,6630.00,2688.00,1794.00,0.00,3413.00,
2017,4,"DL","Delta Air Lines Inc.","LAX","Los Angeles, CA: Los Angeles International",2703.00,914.00,169.04,40.79,559.34,0.98,143.85,43.00,0.00,62438.00,18451.00,7355.00,22612.00,54.00,13966.00,
2017,4,"DL","Delta Air Lines Inc.","LGA","New York, NY: LaGuardia",2126.00,563.00,129.13,34.94,302.03,0.00,96.90,79.00,11.00,55194.00,16711.00,5142.00,21903.00,0.00,11438.00,
2017,4,"DL","Delta Air Lines Inc.","MCO","Orlando, FL: Orlando International",1514.00,309.00,117.62,40.61,52.62,0.00,98.14,46.00,1.00,28831.00,10113.00,7237.00,2116.00,0.00,9365.00,
2017,4,"DL","Delta Air Lines Inc.","MDW","Chicago, IL: Chicago Midway International",203.00,38.00,13.21,11.97,3.12,0.00,9.70,10.00,0.00,4100.00,904.00,2010.00,178.00,0.00,1008.00,
2017,4,"DL","Delta Air Lines Inc.","MIA","Miami, FL: Miami International",859.00,188.00,84.85,20.71,30.44,0.00,51.99,43.00,0.00,18727.00,7735.00,4585.00,1358.00,0.00,5049.00,
2017,4,"DL","Delta Air Lines Inc.","MSP","Minneapolis, MN: Minneapolis-St Paul International",5400.00,668.00,282.15,54.53,87.90,0.00,243.42,114.00,4.00,66162.00,35322.00,7344.00,3296.00,0.00,20200.00,
2017,4,"DL","Delta Air Lines Inc.","ORD","Chicago, IL: Chicago O'Hare International",625.00,130.00,49.47,21.81,34.04,0.00,24.67,25.00,2.00,12671.00,3756.00,4092.00,2129.00,0.00,2694.00,
2017,4,"DL","Delta Air Lines Inc.","PDX","Portland, OR: Portland International",522.00,112.00,41.02,6.52,23.91,0.00,40.54,9.00,3.00,7463.00,3188.00,767.00,964.00,0.00,2544.00,
2017,4,"DL","Delta Air Lines Inc.","PHL","Philadelphia, PA: Philadelphia International",510.00,111.00,31.53,15.24,35.86,0.00,28.36,28.00,1.00,9470.00,2184.00,2304.00,1623.00,0.00,3359.00,
2017,4,"DL","Delta Air Lines Inc.","PHX","Phoenix, AZ: Phoenix Sky Harbor International",665.00,112.00,51.55,17.53,16.03,0.00,26.89,12.00,2.00,9327.00,4664.00,1831.00,634.00,0.00,2198.00,
2017,4,"DL","Delta Air Lines Inc.","SAN","San Diego, CA: San Diego International",634.00,100.00,44.36,8.75,16.46,0.00,30.44,12.00,1.00,8459.00,3552.00,1562.00,807.00,0.00,2538.00,
2017,4,"DL","Delta Air Lines Inc.","SEA","Seattle, WA: Seattle/Tacoma International",1517.00,276.00,113.74,20.54,54.64,0.00,87.08,18.00,0.00,23938.00,11462.00,3306.00,1733.00,0.00,7437.00,
2017,4,"DL","Delta Air Lines Inc.","SFO","San Francisco, CA: San Francisco International",944.00,438.00,64.46,17.01,292.80,0.00,63.73,10.00,0.00,33127.00,5215.00,1639.00,20496.00,0.00,5777.00,
2017,4,"DL","Delta Air Lines Inc.","SLC","Salt Lake City, UT: Salt Lake City International",3615.00,521.00,194.21,23.76,82.59,0.00,220.45,55.00,10.00,48537.00,22754.00,2674.00,2946.00,0.00,20163.00,
2017,4,"DL","Delta Air Lines Inc.","TPA","Tampa, FL: Tampa International",1020.00,207.00,74.21,29.60,27.65,1.00,74.54,38.00,0.00,20111.00,7018.00,4972.00,1713.00,26.00,6382.00,
2017,4,"EV","ExpressJet Airlines Inc.","ATL","Atlanta, GA: Hartsfield-Jackson Atlanta International",3651.00,671.00,201.24,0.00,107.25,0.00,362.51,160.00,18.00,77984.00,36638.00,0.00,8576.00,0.00,32770.00,
2017,4,"EV","ExpressJet Airlines Inc.","BOS","Boston, MA: Logan International",181.00,41.00,12.99,0.00,18.21,0.00,9.80,7.00,1.00,2601.00,852.00,0.00,922.00,0.00,827.00,
2017,4,"EV","ExpressJet Airlines Inc.","BWI","Baltimore, MD: Baltimore/Washington International Thurgood Marshall",12.00,3.00,1.00,0.00,0.03,0.00,1.97,0.00,0.00,128.00,27.00,0.00,2.00,0.00,99.00,
2017,4,"EV","ExpressJet Airlines Inc.","CLT","Charlotte, NC: Charlotte Douglas International",218.00,72.00,24.42,0.00,18.33,0.00,29.25,10.00,0.00,6837.00,3283.00,0.00,876.00,0.00,2678.00,
2017,4,"EV","ExpressJet Airlines Inc.","DCA","Washington, DC: Ronald Reagan Washington National",316.00,101.00,30.68,0.85,41.69,0.00,27.78,13.00,2.00,7079.00,3192.00,165.00,2025.00,0.00,1697.00,
2017,4,"EV","ExpressJet Airlines Inc.","DFW","Dallas/Fort Worth, TX: Dallas/Fort Worth International",1101.00,313.00,86.49,0.00,50.15,0.00,176.37,31.00,5.00,37177.00,15323.00,0.00,3063.00,0.00,18791.00,
2017,4,"EV","ExpressJet Airlines Inc.","DTW","Detroit, MI: Detroit Metro Wayne County",660.00,103.00,34.46,0.00,9.56,0.00,58.98,19.00,1.00,12697.00,6806.00,0.00,1092.00,0.00,4799.00,
2017,4,"EV","ExpressJet Airlines Inc.","EWR","Newark, NJ: Newark Liberty International",2048.00,664.00,62.72,6.96,408.54,0.00,185.77,75.00,2.00,55801.00,10244.00,772.00,31533.00,0.00,13252.00,
2017,4,"EV","ExpressJet Airlines Inc.","IAD","Washington, DC: Washington Dulles International",25.00,6.00,3.96,0.00,1.04,0.00,1.00,2.00,0.00,867.00,800.00,0.00,49.00,0.00,18.00,
2017,4,"EV","ExpressJet Airlines Inc.","IAH","Houston, TX: George Bush Intercontinental/Houston",3767.00,524.00,94.36,22.04,202.23,0.00,205.37,46.00,19.00,51044.00,16320.00,4579.00,15194.00,0.00,14951.00,
2017,4,"EV","ExpressJet Airlines Inc.","LGA","New York, NY: LaGuardia",991.00,341.00,96.03,0.00,126.71,0.00,118.26,58.00,2.00,38018.00,17412.00,0.00,8538.00,0.00,12068.00,
2017,4,"EV","ExpressJet Airlines Inc.","MCO","Orlando, FL: Orlando International",5.00,3.00,2.00,0.00,1.00,0.00,0.00,0.00,0.00,311.00,293.00,0.00,18.00,0.00,0.00,
2017,4,"EV","ExpressJet Airlines Inc.","MSP","Minneapolis, MN: Minneapolis-St Paul International",428.00,75.00,30.91,0.00,6.97,0.00,37.12,19.00,1.00,8398.00,4126.00,0.00,192.00,0.00,4080.00,
2017,4,"EV","ExpressJet Airlines Inc.","ORD","Chicago, IL: Chicago O'Hare International",2360.00,320.00,44.30,9.21,143.53,0.00,122.96,51.00,11.00,26563.00,7417.00,1140.00,9257.00,0.00,8749.00,
2017,4,"EV","ExpressJet Airlines Inc.","PHL","Philadelphia, PA: Philadelphia International",3.00,0.00,0.00,0.00,0.00,0.00,0.00,0.00,0.00,0.00,0.00,0.00,0.00,0.00,0.00,
2017,4,"F9","Frontier Airlines Inc.","ATL","Atlanta, GA: Hartsfield-Jackson Atlanta International",268.00,61.00,11.24,0.00,28.70,0.00,21.06,0.00,0.00,4219.00,667.00,0.00,1830.00,0.00,1722.00,
2017,4,"F9","Frontier Airlines Inc.","CLT","Charlotte, NC: Charlotte Douglas International",67.00,18.00,6.40,0.00,3.79,0.00,7.80,0.00,0.00,1543.00,265.00,0.00,179.00,0.00,1099.00,
2017,4,"F9","Frontier Airlines Inc.","DCA","Washington, DC: Ronald Reagan Washington National",90.00,11.00,1.26,0.00,6.09,0.00,3.65,0.00,0.00,490.00,45.00,0.00,244.00,0.00,201.00,
2017,4,"F9","Frontier Airlines Inc.","DEN","Denver, CO: Denver International",1638.00,261.00,60.16,1.77,90.29,0.00,108.78,1.00,0.00,20863.00,4059.00,529.00,4116.00,0.00,12159.00,
2017,4,"F9","Frontier Airlines Inc.","DFW","Dallas/Fort Worth, TX: Dallas/Fort Worth International",40.00,10.00,1.19,0.00,6.16,0.00,2.65,0.00,0.00,1081.00,62.00,0.00,471.00,0.00,548.00,
2017,4,"F9","Frontier Airlines Inc.","DTW","Detroit, MI: Detroit Metro Wayne County",90.00,25.00,8.06,0.00,5.52,0.00,11.41,0.00,0.00,1897.00,323.00,0.00,206.00,0.00,1368.00,
2017,4,"F9","Frontier Airlines Inc.","FLL","Fort Lauderdale, FL: Fort Lauderdale-Hollywood International",27.00,7.00,1.15,0.00,3.69,0.00,2.16,1.00,0.00,361.00,185.00,0.00,131.00,0.00,45.00,
2017,4,"F9","Frontier Airlines Inc.","IAD","Washington, DC: Washington Dulles International",47.00,10.00,3.78,0.07,3.22,0.00,2.93,0.00,0.00,563.00,155.00,6.00,135.00,0.00,267.00,
2017,4,"F9","Frontier Airlines Inc.","IAH","Houston, TX: George Bush Intercontinental/Houston",110.00,17.00,2.17,0.00,10.67,0.00,4.16,1.00,0.00,1031.00,104.00,0.00,378.00,0.00,549.00,
2017,4,"F9","Frontier Airlines Inc.","LAS","Las Vegas, NV: McCarran International",532.00,103.00,22.59,3.59,47.91,0.00,28.90,0.00,0.00,5502.00,1413.00,171.00,1752.00,0.00,2166.00,
2017,4,"F9","Frontier Airlines Inc.","LAX","Los Angeles, CA: Los Angeles International",149.00,53.00,10.08,0.00,33.32,0.00,9.60,0.00,0.00,3385.00,820.00,0.00,1631.00,0.00,934.00,
2017,4,"F9","Frontier Airlines Inc.","LGA","New York, NY: LaGuardia",70.00,24.00,4.41,0.20,14.14,0.00,5.26,0.00,0.00,1800.00,173.00,8.00,1183.00,0.00,436.00,
2017,4,"F9","Frontier Airlines Inc.","MCO","Orlando, FL: Orlando International",833.00,165.00,25.16,2.00,67.13,0.00,70.71,5.00,2.00,11125.00,1815.00,288.00,3013.00,0.00,6009.00,
2017,4,"F9","Frontier Airlines Inc.","MIA","Miami, FL: Miami International",120.00,19.00,3.41,0.00,11.66,0.00,3.93,0.00,0.00,1088.00,195.00,0.00,533.00,0.00,360.00,
2017,4,"F9","Frontier Airlines Inc.","MSP","Minneapolis, MN: Minneapolis-St Paul International",87.00,12.00,3.53,0.00,4.64,0.00,3.83,0.00,0.00,1132.00,187.00,0.00,179.00,0.00,766.00,
2017,4,"F9","Frontier Airlines Inc.","ORD","Chicago, IL: Chicago O'Hare International",266.00,39.00,7.86,0.00,16.57,0.00,14.56,0.00,0.00,2311.00,388.00,0.00,803.00,0.00,1120.00,
2017,4,"F9","Frontier Airlines Inc.","PDX","Portland, OR: Portland International",66.00,12.00,1.18,0.00,9.90,0.00,0.92,0.00,0.00,464.00,55.00,0.00,312.00,0.00,97.00,
2017,4,"F9","Frontier Airlines Inc.","PHL","Philadelphia, PA: Philadelphia International",314.00,76.00,15.58,0.00,33.16,0.00,27.26,6.00,0.00,6182.00,1802.00,0.00,1420.00,0.00,2960.00,
2017,4,"F9","Frontier Airlines Inc.","PHX","Phoenix, AZ: Phoenix Sky Harbor International",287.00,57.00,15.52,2.54,21.12,0.00,17.82,0.00,0.00,3498.00,1320.00,92.00,796.00,0.00,1290.00,
2017,4,"F9","Frontier Airlines Inc.","SAN","San Diego, CA: San Diego International",104.00,18.00,3.92,0.00,7.33,0.00,6.74,1.00,0.00,820.00,115.00,0.00,198.00,0.00,507.00,
2017,4,"F9","Frontier Airlines Inc.","SEA","Seattle, WA: Seattle/Tacoma International",74.00,8.00,2.08,0.00,2.59,0.00,3.33,0.00,1.00,629.00,83.00,0.00,84.00,0.00,462.00,
2017,4,"F9","Frontier Airlines Inc.","SFO","San Francisco, CA: San Francisco International",144.00,69.00,4.99,0.00,60.98,0.00,3.03,1.00,2.00,7538.00,844.00,0.00,6235.00,0.00,459.00,
2017,4,"F9","Frontier Airlines Inc.","SLC","Salt Lake City, UT: Salt Lake City International",115.00,30.00,10.35,1.00,11.65,0.00,7.00,0.00,1.00,1917.00,669.00,52.00,623.00,0.00,573.00,
2017,4,"F9","Frontier Airlines Inc.","TPA","Tampa, FL: Tampa International",178.00,45.00,11.54,0.62,19.30,0.00,13.54,0.00,0.00,3541.00,1207.00,110.00,842.00,0.00,1382.00,
2017,4,"HA","Hawaiian Airlines Inc.","JFK","New York, NY: John F. Kennedy International",30.00,5.00,4.00,0.00,0.00,0.00,1.00,0.00,0.00,245.00,168.00,0.00,0.00,0.00,77.00,
2017,4,"HA","Hawaiian Airlines Inc.","LAS","Las Vegas, NV: McCarran International",77.00,15.00,13.24,0.00,0.00,0.00,1.76,0.00,0.00,588.00,465.00,0.00,0.00,0.00,123.00,
2017,4,"HA","Hawaiian Airlines Inc.","LAX","Los Angeles, CA: Los Angeles International",120.00,29.00,27.24,0.00,0.00,0.00,1.76,0.00,0.00,1111.00,1075.00,0.00,0.00,0.00,36.00,
2017,4,"HA","Hawaiian Airlines Inc.","PDX","Portland, OR: Portland International",30.00,4.00,3.00,0.00,1.00,0.00,0.00,0.00,0.00,157.00,133.00,0.00,24.00,0.00,0.00,
2017,4,"HA","Hawaiian Airlines Inc.","PHX","Phoenix, AZ: Phoenix Sky Harbor International",30.00,8.00,7.73,0.27,0.00,0.00,0.00,0.00,0.00,431.00,425.00,6.00,0.00,0.00,0.00,
2017,4,"HA","Hawaiian Airlines Inc.","SAN","San Diego, CA: San Diego International",30.00,11.00,9.14,0.00,0.00,0.00,1.86,0.00,0.00,292.00,230.00,0.00,0.00,0.00,62.00,
2017,4,"HA","Hawaiian Airlines Inc.","SEA","Seattle, WA: Seattle/Tacoma International",60.00,14.00,9.71,0.00,0.91,0.00,3.38,0.00,0.00,344.00,252.00,0.00,20.00,0.00,72.00,
2017,4,"HA","Hawaiian Airlines Inc.","SFO","San Francisco, CA: San Francisco International",60.00,7.00,6.49,0.00,0.00,0.00,0.51,0.00,0.00,228.00,198.00,0.00,0.00,0.00,30.00,
2017,4,"NK","Spirit Air Lines","ATL","Atlanta, GA: Hartsfield-Jackson Atlanta International",577.00,147.00,25.88,0.62,78.56,1.12,40.82,11.00,2.00,11039.00,1688.00,86.00,6120.00,37.00,3108.00,
2017,4,"NK","Spirit Air Lines","BOS","Boston, MA: Logan International",367.00,88.00,18.15,1.98,48.19,0.00,19.68,10.00,0.00,5870.00,1202.00,158.00,3144.00,0.00,1366.00,
2017,4,"NK","Spirit Air Lines","BWI","Baltimore, MD: Baltimore/Washington International Thurgood Marshall",503.00,105.00,32.88,0.44,46.56,0.00,25.12,6.00,0.00,7460.00,2616.00,20.00,2686.00,0.00,2138.00,
2017,4,"NK","Spirit Air Lines","DEN","Denver, CO: Denver International",343.00,48.00,11.80,1.23,20.65,0.00,14.32,6.00,0.00,3786.00,1049.00,60.00,1336.00,0.00,1341.00,
2017,4,"NK","Spirit Air Lines","DFW","Dallas/Fort Worth, TX: Dallas/Fort Worth International",563.00,125.00,30.30,0.82,61.33,0.00,32.55,16.00,2.00,15343.00,5438.00,47.00,4440.00,0.00,5418.00,
2017,4,"NK","Spirit Air Lines","DTW","Detroit, MI: Detroit Metro Wayne County",802.00,143.00,33.03,0.38,59.27,0.00,50.32,11.00,2.00,12508.00,3067.00,55.00,5035.00,0.00,4351.00,
2017,4,"NK","Spirit Air Lines","EWR","Newark, NJ: Newark Liberty International",214.00,68.00,13.04,0.00,47.31,0.50,7.16,6.00,0.00,4535.00,836.00,0.00,3035.00,9.00,655.00,
2017,4,"NK","Spirit Air Lines","FLL","Fort Lauderdale, FL: Fort Lauderdale-Hollywood International",1329.00,249.00,40.80,6.42,127.11,0.40,74.28,28.00,5.00,19587.00,3437.00,565.00,7609.00,10.00,7966.00,
2017,4,"NK","Spirit Air Lines","IAH","Houston, TX: George Bush Intercontinental/Houston",443.00,111.00,23.39,0.00,52.38,0.86,34.38,1.00,0.00,7406.00,2358.00,0.00,2642.00,71.00,2335.00,
2017,4,"NK","Spirit Air Lines","LAS","Las Vegas, NV: McCarran International",934.00,178.00,53.13,0.39,78.96,0.89,44.63,17.00,1.00,12015.00,4671.00,15.00,4128.00,109.00,3092.00,
2017,4,"NK","Spirit Air Lines","LAX","Los Angeles, CA: Los Angeles International",780.00,209.00,34.87,2.40,134.58,0.00,37.15,10.00,1.00,11317.00,2074.00,102.00,6088.00,0.00,3053.00,
2017,4,"NK","Spirit Air Lines","LGA","New York, NY: LaGuardia",329.00,74.00,7.16,7.29,54.44,0.00,5.11,9.00,1.00,6087.00,659.00,785.00,4286.00,0.00,357.00,
2017,4,"NK","Spirit Air Lines","MCO","Orlando, FL: Orlando International",829.00,151.00,31.87,2.97,68.65,0.08,47.43,11.00,0.00,11185.00,2703.00,211.00,4800.00,5.00,3466.00,
2017,4,"NK","Spirit Air Lines","MSP","Minneapolis, MN: Minneapolis-St Paul International",415.00,88.00,24.35,0.44,43.08,0.00,20.14,5.00,0.00,6036.00,1685.00,21.00,2832.00,0.00,1498.00,
2017,4,"NK","Spirit Air Lines","ORD","Chicago, IL: Chicago O'Hare International",798.00,183.00,38.36,1.00,98.79,0.86,44.00,17.00,0.00,13618.00,2591.00,39.00,6597.00,27.00,4364.00,
2017,4,"NK","Spirit Air Lines","PDX","Portland, OR: Portland International",64.00,19.00,3.43,0.00,11.69,0.00,3.88,1.00,0.00,1146.00,204.00,0.00,484.00,0.00,458.00,
2017,4,"NK","Spirit Air Lines","PHL","Philadelphia, PA: Philadelphia International",233.00,74.00,12.91,0.16,38.15,0.13,22.65,4.00,0.00,5813.00,915.00,14.00,2649.00,4.00,2231.00,
2017,4,"NK","Spirit Air Lines","PHX","Phoenix, AZ: Phoenix Sky Harbor International",111.00,20.00,2.46,0.00,8.90,0.00,8.65,3.00,0.00,1309.00,196.00,0.00,272.00,0.00,841.00,
2017,4,"NK","Spirit Air Lines","SAN","San Diego, CA: San Diego International",128.00,34.00,8.72,0.38,9.47,0.00,15.43,2.00,0.00,2456.00,751.00,10.00,351.00,0.00,1344.00,
2017,4,"NK","Spirit Air Lines","SEA","Seattle, WA: Seattle/Tacoma International",124.00,37.00,6.53,0.00,19.80,0.00,10.67,1.00,0.00,2094.00,482.00,0.00,765.00,0.00,847.00,
2017,4,"NK","Spirit Air Lines","TPA","Tampa, FL: Tampa International",406.00,84.00,25.60,1.63,32.88,0.00,23.89,12.00,0.00,7206.00,2804.00,52.00,2116.00,0.00,2234.00,
2017,4,"OO","SkyWest Airlines Inc.","ATL","Atlanta, GA: Hartsfield-Jackson Atlanta International",1046.00,261.00,73.41,6.69,50.54,0.00,130.37,49.00,7.00,36259.00,15843.00,1183.00,2477.00,0.00,16756.00,
2017,4,"OO","SkyWest Airlines Inc.","BOS","Boston, MA: Logan International",1.00,0.00,0.00,0.00,0.00,0.00,0.00,0.00,0.00,0.00,0.00,0.00,0.00,0.00,0.00,
2017,4,"OO","SkyWest Airlines Inc.","BWI","Baltimore, MD: Baltimore/Washington International Thurgood Marshall",37.00,8.00,2.20,0.00,3.87,0.00,1.94,0.00,0.00,876.00,470.00,0.00,116.00,0.00,290.00,
2017,4,"OO","SkyWest Airlines Inc.","CLT","Charlotte, NC: Charlotte Douglas International",136.00,29.00,8.12,1.62,11.04,0.00,8.23,0.00,0.00,1480.00,517.00,79.00,461.00,0.00,423.00,
2017,4,"OO","SkyWest Airlines Inc.","DCA","Washington, DC: Ronald Reagan Washington National",253.00,45.00,14.95,3.00,14.43,0.00,12.62,5.00,1.00,2402.00,695.00,109.00,897.00,0.00,701.00,
2017,4,"OO","SkyWest Airlines Inc.","DEN","Denver, CO: Denver International",3339.00,383.00,91.77,10.42,101.46,0.00,179.36,34.00,5.00,29487.00,13861.00,994.00,3176.00,0.00,11456.00,
2017,4,"OO","SkyWest Airlines Inc.","DFW","Dallas/Fort Worth, TX: Dallas/Fort Worth International",382.00,80.00,20.90,3.00,28.47,0.00,27.63,3.00,4.00,5125.00,1303.00,283.00,1494.00,0.00,2045.00,
2017,4,"OO","SkyWest Airlines Inc.","DTW","Detroit, MI: Detroit Metro Wayne County",2806.00,490.00,104.58,20.35,74.80,0.00,290.27,36.00,0.00,58813.00,24725.00,3635.00,2898.00,0.00,27555.00,
2017,4,"OO","SkyWest Airlines Inc.","EWR","Newark, NJ: Newark Liberty International",123.00,51.00,15.12,11.07,20.00,0.00,4.81,3.00,0.00,3328.00,1007.00,874.00,1089.00,0.00,358.00,
2017,4,"OO","SkyWest Airlines Inc.","IAD","Washington, DC: Washington Dulles International",55.00,6.00,2.21,0.00,3.79,0.00,0.00,0.00,0.00,374.00,188.00,0.00,186.00,0.00,0.00,
2017,4,"OO","SkyWest Airlines Inc.","IAH","Houston, TX: George Bush Intercontinental/Houston",892.00,175.00,35.37,7.33,64.38,0.00,67.91,3.00,5.00,10620.00,3843.00,396.00,2882.00,0.00,3499.00,
2017,4,"OO","SkyWest Airlines Inc.","LAS","Las Vegas, NV: McCarran International",256.00,43.00,11.17,1.47,7.45,0.00,22.91,0.00,0.00,2367.00,932.00,35.00,178.00,0.00,1222.00,
2017,4,"OO","SkyWest Airlines Inc.","LAX","Los Angeles, CA: Los Angeles International",2550.00,786.00,86.39,31.74,370.20,0.17,297.50,19.00,0.00,49067.00,9590.00,1778.00,16736.00,10.00,20953.00,
2017,4,"OO","SkyWest Airlines Inc.","LGA","New York, NY: LaGuardia",113.00,33.00,10.71,0.00,19.16,0.00,3.13,3.00,1.00,1807.00,535.00,0.00,1117.00,0.00,155.00,
2017,4,"OO","SkyWest Airlines Inc.","MDW","Chicago, IL: Chicago Midway International",96.00,24.00,9.60,4.00,4.44,0.00,5.97,2.00,0.00,1138.00,712.00,74.00,115.00,0.00,237.00,
2017,4,"OO","SkyWest Airlines Inc.","MIA","Miami, FL: Miami International",1.00,0.00,0.00,0.00,0.00,0.00,0.00,0.00,0.00,0.00,0.00,0.00,0.00,0.00,0.00,
2017,4,"OO","SkyWest Airlines Inc.","MSP","Minneapolis, MN: Minneapolis-St Paul International",2983.00,360.00,85.14,6.29,92.92,0.81,174.84,13.00,3.00,37154.00,20108.00,444.00,2972.00,22.00,13608.00,
2017,4,"OO","SkyWest Airlines Inc.","ORD","Chicago, IL: Chicago O'Hare International",6497.00,1262.00,206.16,29.02,391.21,0.65,634.96,124.00,8.00,106086.00,31536.00,5134.00,20929.00,11.00,48476.00,
2017,4,"OO","SkyWest Airlines Inc.","PDX","Portland, OR: Portland International",865.00,142.00,25.72,2.02,51.67,0.00,62.60,5.00,0.00,8276.00,3141.00,77.00,1617.00,0.00,3441.00,
2017,4,"OO","SkyWest Airlines Inc.","PHL","Philadelphia, PA: Philadelphia International",78.00,13.00,4.91,0.84,3.30,0.00,3.95,0.00,0.00,1434.00,675.00,124.00,199.00,0.00,436.00,
2017,4,"OO","SkyWest Airlines Inc.","PHX","Phoenix, AZ: Phoenix Sky Harbor International",1152.00,100.00,29.01,1.00,20.11,1.00,48.88,3.00,1.00,7412.00,3694.00,49.00,449.00,44.00,3176.00,
2017,4,"OO","SkyWest Airlines Inc.","SAN","San Diego, CA: San Diego International",621.00,61.00,21.53,2.78,8.16,0.00,28.53,4.00,1.00,3898.00,1536.00,213.00,254.00,0.00,1895.00,
2017,4,"OO","SkyWest Airlines Inc.","SEA","Seattle, WA: Seattle/Tacoma International",1528.00,202.00,26.61,3.37,62.60,0.00,109.42,6.00,0.00,11471.00,2859.00,125.00,1915.00,0.00,6572.00,
2017,4,"OO","SkyWest Airlines Inc.","SFO","San Francisco, CA: San Francisco International",2982.00,1166.00,96.90,49.72,639.17,0.00,380.21,190.00,6.00,111880.00,14541.00,4456.00,58669.00,0.00,34214.00,
2017,4,"OO","SkyWest Airlines Inc.","SLC","Salt Lake City, UT: Salt Lake City International",3529.00,338.00,94.56,1.00,74.48,0.64,167.33,11.00,14.00,27326.00,12456.00,71.00,2209.00,14.00,12576.00,
2017,4,"UA","United Air Lines Inc.","ATL","Atlanta, GA: Hartsfield-Jackson Atlanta International",352.00,80.00,17.91,0.35,36.80,0.00,24.94,0.00,2.00,5550.00,742.00,45.00,2807.00,0.00,1956.00,
2017,4,"UA","United Air Lines Inc.","BOS","Boston, MA: Logan International",981.00,228.00,51.68,2.12,86.03,0.00,88.18,1.00,1.00,16187.00,4098.00,167.00,4680.00,0.00,7242.00,
2017,4,"UA","United Air Lines Inc.","BWI","Baltimore, MD: Baltimore/Washington International Thurgood Marshall",223.00,32.00,5.18,1.25,11.36,0.00,14.21,0.00,0.00,1882.00,366.00,183.00,543.00,0.00,790.00,
2017,4,"UA","United Air Lines Inc.","CLT","Charlotte, NC: Charlotte Douglas International",100.00,16.00,5.30,0.00,5.56,0.00,5.15,0.00,1.00,866.00,261.00,0.00,150.00,0.00,455.00,
2017,4,"UA","United Air Lines Inc.","DCA","Washington, DC: Ronald Reagan Washington National",279.00,42.00,16.98,2.45,12.96,0.00,9.61,0.00,1.00,2911.00,1117.00,97.00,839.00,0.00,858.00,
2017,4,"UA","United Air Lines Inc.","DEN","Denver, CO: Denver International",4788.00,447.00,146.27,12.57,139.44,0.00,148.71,3.00,11.00,31939.00,11167.00,726.00,5453.00,0.00,14593.00,
2017,4,"UA","United Air Lines Inc.","DFW","Dallas/Fort Worth, TX: Dallas/Fort Worth International",343.00,64.00,12.01,1.64,34.80,0.00,15.55,0.00,4.00,4143.00,693.00,41.00,2191.00,0.00,1218.00,
2017,4,"UA","United Air Lines Inc.","DTW","Detroit, MI: Detroit Metro Wayne County",120.00,11.00,4.75,0.00,3.66,0.00,2.60,0.00,0.00,672.00,278.00,0.00,267.00,0.00,127.00,
2017,4,"UA","United Air Lines Inc.","EWR","Newark, NJ: Newark Liberty International",4635.00,1209.00,207.76,11.52,713.59,0.00,276.14,6.00,5.00,96743.00,17643.00,763.00,49659.00,0.00,28678.00,
2017,4,"UA","United Air Lines Inc.","FLL","Fort Lauderdale, FL: Fort Lauderdale-Hollywood International",641.00,111.00,27.68,4.29,40.56,0.00,38.47,0.00,3.00,6923.00,1830.00,295.00,2020.00,0.00,2778.00,
2017,4,"UA","United Air Lines Inc.","IAD","Washington, DC: Washington Dulles International",1991.00,251.00,78.49,8.22,62.53,0.00,101.76,1.00,1.00,14907.00,3969.00,580.00,2661.00,0.00,7697.00,
2017,4,"UA","United Air Lines Inc.","IAH","Houston, TX: George Bush Intercontinental/Houston",4475.00,497.00,143.48,9.62,165.75,0.00,178.15,3.00,19.00,32794.00,10548.00,1009.00,7350.00,0.00,13887.00,
2017,4,"UA","United Air Lines Inc.","LAS","Las Vegas, NV: McCarran International",1012.00,150.00,50.11,2.46,37.94,0.00,59.49,0.00,0.00,9864.00,3599.00,219.00,1456.00,0.00,4590.00,
2017,4,"UA","United Air Lines Inc.","LAX","Los Angeles, CA: Los Angeles International",2172.00,572.00,115.68,7.92,342.84,0.00,105.56,2.00,2.00,32575.00,7345.00,481.00,14135.00,0.00,10614.00,
2017,4,"UA","United Air Lines Inc.","LGA","New York, NY: LaGuardia",635.00,168.00,19.01,1.07,126.64,0.00,21.29,1.00,3.00,12753.00,1491.00,88.00,9317.00,0.00,1857.00,
2017,4,"UA","United Air Lines Inc.","MCO","Orlando, FL: Orlando International",1041.00,169.00,39.28,4.33,62.69,0.00,62.70,0.00,0.00,9870.00,2104.00,292.00,2775.00,0.00,4699.00,
2017,4,"UA","United Air Lines Inc.","MIA","Miami, FL: Miami International",464.00,94.00,20.37,3.08,35.49,0.00,35.06,0.00,0.00,5076.00,1016.00,209.00,1597.00,0.00,2254.00,
2017,4,"UA","United Air Lines Inc.","MSP","Minneapolis, MN: Minneapolis-St Paul International",307.00,31.00,8.91,0.22,2.31,0.00,19.56,0.00,0.00,1920.00,653.00,13.00,101.00,0.00,1153.00,
2017,4,"UA","United Air Lines Inc.","ORD","Chicago, IL: Chicago O'Hare International",5535.00,715.00,181.02,10.99,275.69,0.00,247.31,5.00,8.00,50626.00,12552.00,1314.00,14167.00,0.00,22593.00,
2017,4,"UA","United Air Lines Inc.","PDX","Portland, OR: Portland International",448.00,91.00,24.77,0.62,20.65,0.00,44.96,0.00,3.00,7259.00,1692.00,83.00,934.00,0.00,4550.00,
2017,4,"UA","United Air Lines Inc.","PHL","Philadelphia, PA: Philadelphia International",297.00,64.00,11.65,2.79,26.07,0.00,23.49,0.00,1.00,4022.00,596.00,200.00,1285.00,0.00,1941.00,
2017,4,"UA","United Air Lines Inc.","PHX","Phoenix, AZ: Phoenix Sky Harbor International",682.00,116.00,38.41,2.00,26.96,0.00,48.63,0.00,1.00,7960.00,3166.00,199.00,1076.00,0.00,3519.00,
2017,4,"UA","United Air Lines Inc.","SAN","San Diego, CA: San Diego International",752.00,102.00,33.75,2.76,17.53,0.00,47.96,0.00,0.00,6940.00,1958.00,251.00,870.00,0.00,3861.00,
2017,4,"UA","United Air Lines Inc.","SEA","Seattle, WA: Seattle/Tacoma International",672.00,130.00,42.74,2.19,40.36,0.00,44.71,0.00,0.00,6926.00,2375.00,80.00,1281.00,0.00,3190.00,
2017,4,"UA","United Air Lines Inc.","SFO","San Francisco, CA: San Francisco International",4345.00,1430.00,172.49,11.95,1012.27,0.00,233.29,6.00,6.00,115238.00,12192.00,857.00,79195.00,0.00,22994.00,
2017,4,"UA","United Air Lines Inc.","SLC","Salt Lake City, UT: Salt Lake City International",115.00,11.00,1.14,0.33,2.13,0.00,7.39,1.00,0.00,532.00,68.00,17.00,53.00,0.00,394.00,
2017,4,"UA","United Air Lines Inc.","TPA","Tampa, FL: Tampa International",597.00,106.00,27.44,4.04,40.36,0.00,34.15,0.00,0.00,5949.00,1603.00,409.00,1693.00,0.00,2244.00,
2017,4,"VX","Virgin America","BOS","Boston, MA: Logan International",136.00,36.00,11.92,4.41,9.06,0.00,10.61,1.00,0.00,1306.00,409.00,148.00,304.00,0.00,445.00,
2017,4,"VX","Virgin America","DAL","Dallas, TX: Dallas Love Field",346.00,67.00,12.48,2.63,7.76,0.00,44.12,3.00,0.00,3985.00,753.00,137.00,310.00,0.00,2785.00,
2017,4,"VX","Virgin America","DCA","Washington, DC: Ronald Reagan Washington National",110.00,17.00,4.29,3.94,8.07,0.00,0.70,0.00,1.00,1020.00,313.00,164.00,524.00,0.00,19.00,
2017,4,"VX","Virgin America","DEN","Denver, CO: Denver International",85.00,21.00,2.65,0.28,2.65,0.00,15.43,1.00,0.00,1240.00,197.00,11.00,128.00,0.00,904.00,
2017,4,"VX","Virgin America","EWR","Newark, NJ: Newark Liberty International",220.00,74.00,8.88,9.19,38.26,0.00,17.67,0.00,0.00,5710.00,928.00,315.00,3293.00,0.00,1174.00,
2017,4,"VX","Virgin America","FLL","Fort Lauderdale, FL: Fort Lauderdale-Hollywood International",159.00,51.00,11.13,4.28,15.18,0.43,19.97,1.00,0.00,2118.00,371.00,108.00,516.00,13.00,1110.00,
2017,4,"VX","Virgin America","IAD","Washington, DC: Washington Dulles International",119.00,31.00,7.36,3.01,4.88,0.00,15.76,1.00,0.00,1494.00,282.00,100.00,142.00,0.00,970.00,
2017,4,"VX","Virgin America","JFK","New York, NY: John F. Kennedy International",371.00,118.00,11.52,6.51,67.27,0.23,32.47,1.00,0.00,9623.00,642.00,271.00,6599.00,24.00,2087.00,
2017,4,"VX","Virgin America","LAS","Las Vegas, NV: McCarran International",382.00,113.00,13.95,1.18,19.24,0.42,78.22,10.00,0.00,6182.00,881.00,33.00,706.00,8.00,4554.00,
2017,4,"VX","Virgin America","LAX","Los Angeles, CA: Los Angeles International",1169.00,353.00,47.46,11.01,153.14,1.73,139.67,20.00,1.00,20561.00,2951.00,337.00,7312.00,108.00,9853.00,
2017,4,"VX","Virgin America","LGA","New York, NY: LaGuardia",75.00,27.00,2.87,5.98,16.80,0.00,1.35,1.00,0.00,2206.00,350.00,271.00,1461.00,0.00,124.00,
2017,4,"VX","Virgin America","MCO","Orlando, FL: Orlando International",30.00,4.00,1.99,0.01,1.00,0.00,1.00,0.00,0.00,245.00,201.00,1.00,28.00,0.00,15.00,
2017,4,"VX","Virgin America","ORD","Chicago, IL: Chicago O'Hare International",86.00,19.00,5.98,1.92,3.55,0.00,7.55,0.00,0.00,1019.00,191.00,144.00,262.00,0.00,422.00,
2017,4,"VX","Virgin America","PDX","Portland, OR: Portland International",85.00,34.00,6.65,0.80,3.25,0.00,23.30,0.00,0.00,2301.00,263.00,24.00,208.00,0.00,1806.00,
2017,4,"VX","Virgin America","SAN","San Diego, CA: San Diego International",162.00,52.00,1.35,0.98,8.61,0.00,41.07,7.00,0.00,3139.00,69.00,23.00,313.00,0.00,2734.00,
2017,4,"VX","Virgin America","SEA","Seattle, WA: Seattle/Tacoma International",194.00,54.00,6.90,4.60,12.51,0.65,29.34,4.00,0.00,2785.00,240.00,122.00,427.00,11.00,1985.00,
2017,4,"VX","Virgin America","SFO","San Francisco, CA: San Francisco International",1679.00,750.00,60.92,43.42,491.91,3.31,150.43,44.00,4.00,59600.00,3722.00,1955.00,43000.00,832.00,10091.00,
2017,4,"WN","Southwest Airlines Co.","ATL","Atlanta, GA: Hartsfield-Jackson Atlanta International",3577.00,701.00,160.76,36.87,221.18,0.00,282.20,52.00,25.00,43430.00,8571.00,6775.00,11888.00,0.00,16196.00,
2017,4,"WN","Southwest Airlines Co.","BOS","Boston, MA: Logan International",976.00,242.00,55.60,21.87,69.85,0.00,94.67,5.00,4.00,13173.00,2783.00,1372.00,2869.00,0.00,6149.00,
2017,4,"WN","Southwest Airlines Co.","BWI","Baltimore, MD: Baltimore/Washington International Thurgood Marshall",6049.00,928.00,249.37,28.81,205.33,1.33,443.15,28.00,15.00,50450.00,13527.00,2474.00,7768.00,22.00,26659.00,
2017,4,"WN","Southwest Airlines Co.","CLT","Charlotte, NC: Charlotte Douglas International",210.00,59.00,12.42,2.30,20.83,0.00,23.45,0.00,0.00,2913.00,492.00,129.00,969.00,0.00,1323.00,
2017,4,"WN","Southwest Airlines Co.","DAL","Dallas, TX: Dallas Love Field",5222.00,1109.00,247.21,24.37,332.34,0.38,504.69,90.00,24.00,55801.00,12292.00,2349.00,13795.00,13.00,27352.00,
2017,4,"WN","Southwest Airlines Co.","DCA","Washington, DC: Ronald Reagan Washington National",1240.00,244.00,63.38,10.00,61.63,0.00,108.99,10.00,10.00,14960.00,3799.00,1212.00,3423.00,0.00,6526.00,
2017,4,"WN","Southwest Airlines Co.","DEN","Denver, CO: Denver International",5615.00,947.00,241.48,24.75,168.04,0.59,512.14,16.00,4.00,45657.00,12624.00,1787.00,5596.00,13.00,25637.00,
2017,4,"WN","Southwest Airlines Co.","DTW","Detroit, MI: Detroit Metro Wayne County",618.00,140.00,48.14,3.52,18.36,0.00,69.97,3.00,1.00,7208.00,1846.00,592.00,936.00,0.00,3834.00,
2017,4,"WN","Southwest Airlines Co.","EWR","Newark, NJ: Newark Liberty International",499.00,172.00,30.02,17.52,86.58,0.00,37.88,7.00,0.00,11548.00,2323.00,1687.00,4791.00,0.00,2747.00,
2017,4,"WN","Southwest Airlines Co.","FLL","Fort Lauderdale, FL: Fort Lauderdale-Hollywood International",2065.00,397.00,114.13,15.04,156.21,1.00,110.62,6.00,4.00,21360.00,6274.00,1522.00,6356.00,16.00,7192.00,
2017,4,"WN","Southwest Airlines Co.","IAD","Washington, DC: Washington Dulles International",170.00,33.00,14.78,0.57,7.11,0.00,10.53,0.00,0.00,1890.00,1078.00,58.00,320.00,0.00,434.00,
2017,4,"WN","Southwest Airlines Co.","LAS","Las Vegas, NV: McCarran International",6233.00,1073.00,236.44,16.42,180.66,0.00,639.48,29.00,5.00,48821.00,10740.00,1012.00,6003.00,0.00,31066.00,
2017,4,"WN","Southwest Airlines Co.","LAX","Los Angeles, CA: Los Angeles International",3515.00,1213.00,190.08,18.60,610.60,0.00,393.73,62.00,2.00,53772.00,8214.00,938.00,22917.00,0.00,21703.00,
2017,4,"WN","Southwest Airlines Co.","LGA","New York, NY: LaGuardia",887.00,255.00,50.64,32.02,113.20,0.00,59.14,20.00,4.00,16123.00,3081.00,2729.00,6825.00,0.00,3488.00,
2017,4,"WN","Southwest Airlines Co.","MCO","Orlando, FL: Orlando International",4007.00,595.00,149.08,8.74,170.92,0.53,265.73,18.00,2.00,34154.00,11112.00,585.00,5925.00,8.00,16524.00,
2017,4,"WN","Southwest Airlines Co.","MDW","Chicago, IL: Chicago Midway International",6838.00,963.00,255.10,12.18,199.10,0.00,496.62,48.00,16.00,49455.00,14080.00,1014.00,7229.00,0.00,27132.00,
2017,4,"WN","Southwest Airlines Co.","MSP","Minneapolis, MN: Minneapolis-St Paul International",798.00,157.00,42.91,2.78,29.47,0.00,81.84,2.00,2.00,6917.00,1912.00,149.00,743.00,0.00,4113.00,
2017,4,"WN","Southwest Airlines Co.","PDX","Portland, OR: Portland International",1066.00,286.00,68.60,3.86,79.72,1.00,132.81,1.00,1.00,11771.00,2932.00,272.00,2282.00,17.00,6268.00,
2017,4,"WN","Southwest Airlines Co.","PHL","Philadelphia, PA: Philadelphia International",766.00,165.00,45.30,5.60,42.25,0.61,71.24,3.00,0.00,8286.00,1860.00,311.00,1561.00,19.00,4535.00,
2017,4,"WN","Southwest Airlines Co.","PHX","Phoenix, AZ: Phoenix Sky Harbor International",5348.00,976.00,245.41,6.25,143.73,0.13,580.48,26.00,6.00,43496.00,10895.00,414.00,4595.00,3.00,27589.00,
2017,4,"WN","Southwest Airlines Co.","SAN","San Diego, CA: San Diego International",2893.00,501.00,120.42,1.41,70.98,0.00,308.19,21.00,1.00,23148.00,4752.00,45.00,2381.00,0.00,15970.00,
2017,4,"WN","Southwest Airlines Co.","SEA","Seattle, WA: Seattle/Tacoma International",857.00,246.00,66.82,1.49,72.34,0.09,105.27,0.00,1.00,10849.00,2754.00,50.00,2077.00,5.00,5963.00,
2017,4,"WN","Southwest Airlines Co.","SFO","San Francisco, CA: San Francisco International",1379.00,621.00,75.30,30.94,344.95,0.00,169.81,75.00,3.00,44127.00,5464.00,2709.00,23532.00,0.00,12422.00,
2017,4,"WN","Southwest Airlines Co.","SLC","Salt Lake City, UT: Salt Lake City International",932.00,145.00,39.57,2.08,23.56,0.95,78.84,6.00,3.00,5931.00,1732.00,208.00,737.00,19.00,3235.00,
2017,4,"WN","Southwest Airlines Co.","TPA","Tampa, FL: Tampa International",2775.00,505.00,122.56,6.60,124.33,0.50,251.00,16.00,2.00,28634.00,7671.00,738.00,4056.00,10.00,16159.00,
